DATASET,LEBEL
TGTTTTTTTAATGCTCAATCAAAATCAAATACCCTTATTAGATGCCTTAA,POSITIVE
TTATTTGGGAAAGCCGTCTTTCGCGCTGATTTAACCGAATTAGCTGATTT,POSITIVE
GCTGATTTAACCGAATTAGCTGATTTAGATAATCTGTTTGCACCCCAAGG,POSITIVE
ATTGAAATTACAGACTATCATCCTTAAAGGAGAATAACATGGCACGGCCA,POSITIVE
CCCCATTTCAATCATGAAAGATAAATTGTTAAATTGGCTAAACACGATTT,POSITIVE
TAGTTACTTAGATAAATCTTATTTTAGATTATAAATCAATACCGTTCAGT,POSITIVE
CAAATCCTTAACTGAACTGTATTGGATTATAAATTACTTATTTTATTCCC,POSITIVE
ACTTGTGTCCCAAGCTAGCTTTTGCCTTATAAATTTTCATCCATAGTAAC,POSITIVE
TAAAATTTAGCAACTATTTTCGGAATTTATAAATTGGATTTGTAGCCTAA,POSITIVE
CTATTTTCGGAATTTATAAATTGGATTTGTAGCCTAATCTATATCTACAA,POSITIVE
CCTTTACGTGAAAATATGCTGTTGATTCTGATACTAATTTATGCAAGTGT,POSITIVE
TGCTGTTTGTCTAAGTAGAAATGATTAACTATAGTTTAATTTTTCAGACC,POSITIVE
TAATTTTTCAGACCTTATTTAGTGACAAATCTAATAAATAACGGTTATAA,POSITIVE
ATTTAGTGACAAATCTAATAAATAACGGTTATAAAAGTAAGAGCTATAAA,POSITIVE
AAATTTAACCCGTCATTTTTCAATTTAAGTAATTTTGCACTAAGCAACCT,POSITIVE
TCATCAATGGCATTTAAATAGGCTTCTGCTAAGATTTCTAACAATTCTTC,POSITIVE
TAAGATTTCTAACAATTCTTCTGCCGTGAGATAATAACCTCCATCTTTGC,POSITIVE
TAGGAGTTTGGAGTTTGGAGTTAAGAGTTGAGAATAGCTTTCAAGGTTAA,POSITIVE
ATAATTGAGGAACTTCTCAATTATTGAACTAATATTGAACTAATATTGAA,POSITIVE
ACTTCTCAATTATTGAACTAATATTGAACTAATATTGAACTAATCTTTAG,POSITIVE
CTAATATTGAACTAATCTTTAGGGCTTCAGACAATTATGTTGGTTCTCAA,POSITIVE
CCTCTAAGTGCCAGTGGAATTAGTGCCGGAATAATCAAGGCATTATAAAT,POSITIVE
CAGTGGAATTAGTGCCGGAATAATCAAGGCATTATAAATCAGCGCCGAGA,POSITIVE
CCTTCTATTTAAGATTGGCCATAGCCCTACAAAATTGGATTTTCTCCTCA,POSITIVE
TTAAGATTGGCCATAGCCCTACAAAATTGGATTTTCTCCTCACTATTAAT,POSITIVE
AATTGGATTTTCTCCTCACTATTAATAATGATAATCAAATTGAAGGGAGG,POSITIVE
CATATTTTCTCAACCTTTAGAGATATTGACAAAATGCATAAAATTTTAAC,POSITIVE
TCAACCTTTAGAGATATTGACAAAATGCATAAAATTTTAACCTATCACAG,POSITIVE
GTTTTGACTTCAACCTGTCTGTGCCTCACTATGACCGTTGCGAATAGACC,POSITIVE
GATAGTTTAAATCTTAACAAACTTCTTAATACTATTCATTCAAATCCTTC,POSITIVE
ATCTTAACAAACTTCTTAATACTATTCATTCAAATCCTTCGCTTTTTAAA,POSITIVE
TATTCATTCAAATCCTTCGCTTTTTAAAGAAGAATGCTTTTATGAAAGAA,POSITIVE
TCGCTTTTTAAAGAAGAATGCTTTTATGAAAGAATTAAAGATAGACCACT,POSITIVE
CCACTTGCTGACGACCTATATAAAACTCCAAGAATAGTTAATAATAAAAC,POSITIVE
TGTTAACAAAGAAACAAATCCACTTGTTAAAAAATTAATTGATTTTAGAG,POSITIVE
ATTTTAGAGACAAGCAGGTAGCTCATATAGATAAAAATTATGTTTTAAAC,POSITIVE
CGATAATTTGCATTTTCCCACAGTCATCTTATTAGATGAAATTAGTGTTG,POSITIVE
TGCATTTTCCCACAGTCATCTTATTAGATGAAATTAGTGTTGGATTGGAA,POSITIVE
GTGTTGGATTGGAACGCTGTCCAGAATTAGATGATGGCTTTTGGGAATGT,POSITIVE
GAATATTTATTACAAACTTAATATAAAACTATGGTTTGATAAGGTGAACA,POSITIVE
GTTTGATAAGGTGAACAGTTGAAAATGGATAGATTTTAAATCTTCTGGGC,POSITIVE
GGATAGATTTTAAATCTTCTGGGCGTTATTAACTTTTTCTCCTGCTCTAA,POSITIVE
GGCGTTATTAACTTTTTCTCCTGCTCTAATATCAGTTAAGTCATCATATA,POSITIVE
TCACTTGACCATAAATATTTTCAAGCAAAGACAATTTATCTACCTTTGCT,POSITIVE
TAAATATTTTCAAGCAAAGACAATTTATCTACCTTTGCTAAACTGCTAAG,POSITIVE
TACCTTTGCTAAACTGCTAAGAGGTGAAGTATTACTAACAATAATCATAG,POSITIVE
CGGCTGGATTAAAGATTCTTCAGACTGGCGATATTTAGTAATTAACTTAC,POSITIVE
GATTCTTCAGACTGGCGATATTTAGTAATTAACTTACGTGTTTTTAGGGG,POSITIVE
GTGTTTTTAGGGGTGAATAAAGCAGCATGGAAAGTGCGGGTAAACTGGTT,POSITIVE
ACAGCTATTTTATTTACATCAAGTATTCCTATCTTTATGAAATTATTTAC,POSITIVE
TTTATTTACATCAAGTATTCCTATCTTTATGAAATTATTTACTCCAAAAG,POSITIVE
ATCTTTATGAAATTATTTACTCCAAAAGCTAAGATCCCCAACTTCTTAGA,POSITIVE
ATCTTGTTGTTCACGGCAAAATCAAGGAAAATATTTCATATAAAAGCGTT,POSITIVE
CGCTGATGAATTTTCTCTAGCAAGAGTAATAAAAACTTGTTGATATTTGT,POSITIVE
TGATATTTGTAACATTCACACGTAATAAGTCAATTAAAAATCAGGTAAAC,POSITIVE
AACTAGTTGAATGTAGTGAAACCCAGCGTTAACCTAATATAATGTTGGGT,POSITIVE
GAATGTAGTGAAACCCAGCGTTAACCTAATATAATGTTGGGTTTCACTAT,POSITIVE
AATGTTGGGTTTCACTATTTCCATCAGACTATTTTAGGGCTAATCTCAAA,POSITIVE
TCACTATTTCCATCAGACTATTTTAGGGCTAATCTCAAACACTAATTCAG,POSITIVE
ATCTGGATTTTCCTCAGTAAATGCAAATCTAACTTTATCAACCATGTGTT,POSITIVE
CTTTTGTTTAGATACGTCCACAGGCTCAAAATTATACTATAGGGCGTTTT,POSITIVE
AAACCGTTGGCTCTAGTGGTCTGTCCCATTAAGTTAGGATGCAATACAGT,POSITIVE
AACACTTGTAGAGACGGCGATTTATCGCGTCTTATAGAGACGGCGATTTA,POSITIVE
ATTGTTGTATATCAAGACTTTTACTTGTTTAAAATGGTAGCTTGATTTAC,POSITIVE
TATTTGTCGGCATAGCAAGACACAGTAGTTAATCTATTACTTGCATATCT,POSITIVE
TATTACTTGCATATCTATATAGATAGATATATTTTTTTATTTTGCTCCTT,POSITIVE
TTACTTTTCTATTTTTAATGATTTTTGGCGATCATATTGTAATTAAAGAG,POSITIVE
CTATTTTTAATGATTTTTGGCGATCATATTGTAATTAAAGAGCGATCGCG,POSITIVE
ATGTTTTTTTACTACGTTTCAACTGTTTACAAAGTGCTTTAATCTGTTTG,POSITIVE
CCACCTATTAAAATCAGAAGTGGAAGATGTATTTTTATTTCTAGATCCCC,POSITIVE
ATGTATTTTTATTTCTAGATCCCCCATATTTTAGTGCTACGAAATCCAAA,POSITIVE
AGAGATTTGCTAACCTTTTGCAACAATGTCATCATCGCTGGCTAATTACC,POSITIVE
AACCTTTTGCAACAATGTCATCATCGCTGGCTAATTACCTACGATGACTC,POSITIVE
ACGACGTTTGGCAAAAGACCTGTGACCACAATCATGGCCAATTACAAAAA,POSITIVE
CGATTTGGGATATGGTGGCTCGTACTGCTTATACCCAACTGAATTATTCT,POSITIVE
GTACTATTGGGAACTTTGGTAGGAATGCCTCTGATTTATCTAGTTCCACC,POSITIVE
CAATTGTGCGATCGCACTTACAGGTATATTAGGATGGCTGTTAATGACTT,POSITIVE
TCATTTGGTGTTAGCAGCAGAAAGTTTGGGATTATCCACTTGTTTTATGA,POSITIVE
TTCCTGTTGGCTATGCAGCCGAACCACGCTTAAATCCCGGCCGTTTGCCA,POSITIVE
AATTGATCGCCAGCCCCAATATTCACAGGAATTATGGTATATTGCAAACC,POSITIVE
ATGGTATATTGCAAACCGACTTCTTCTAAGAAAATCGTAATCTTATGACC,POSITIVE
AAATCTGAAAAAATGGGGGTAATAACTGCAAAAATGTATATAACGTAAGC,POSITIVE
TACTTTATAACTTTAGCAAAAAAGTTAAATAAGTTTCCATTTTGGGAACT,POSITIVE
AAAAGCATTGATTAGTGAAACTGCAAAACTATTCTACCCCTCGGTGGAGA,POSITIVE
ACTTTGGATGTATTGACTTATACGCAAATTACCCTACTTCCACTGTGATC,POSITIVE
ACCCTCTTCAAAATCCACCACAAGCACGTTAAGCTGGATTAGAGTGGCAA,POSITIVE
GATTAGAGTGGCAATTTATTGCGATTTTTAATTATATAAATCTCTGTTCT,POSITIVE
ATTTTTAATTATATAAATCTCTGTTCTTGTCAAATTTTAATTTTTTCTGC,POSITIVE
TTGCGTTTGCCTCTTTTAGCTTTAGCGGTTATGTTTTTGACTTCTAGCTT,POSITIVE
TTGATTTGCAACCTTGCGGTTAAGCTTTCTAACTTTTAATTGAGCCTTTT,POSITIVE
TGAGCCTTTTTAAACCGTTTAGAAGCCTTTATTTTTTTCTTTCTATTCGG,POSITIVE
AACCGTTTAGAAGCCTTTATTTTTTTCTTTCTATTCGGCGCACGTTTGCG,POSITIVE
GGGTAGTTGGCAAACTCAATCGTTGGGTAAAGAATTCATCTAGCTGTTGG,POSITIVE
AGCTGTTGGAGTCCACCTCCTGGCCCAGCTAATATAATCTGCGCTACCTC,POSITIVE
TGACCTATTGGTTAGAGGATTTGGCTGCATAATTTTTAGATTAATTACTT,POSITIVE
GTTTAATTTAAGGGATAGCATACATTAAAAAAAATCGGTTTTTTTTTAAT,POSITIVE
CACCATTTAGATAGTCCGCTTGGGCAAAAGATTTTGGATTGCTCAAACAA,POSITIVE
TATGGGTTGCTGAGATAATTCACGATTAATAAGGTTTTGCCAGAATGGCG,POSITIVE
GAGATAATTCACGATTAATAAGGTTTTGCCAGAATGGCGATCTTTCTTTG,POSITIVE
ATTGGAATTGAACTAGATTTTATCCACAACATATTGCCGATTTTTAGCCA,POSITIVE
TCTAATTCAATGCTTTATAAAATATTTTATCAAATACTTGACCTGCTCTG,POSITIVE
GTAATTAAAAACTAAAAAATTTCCTAATCCAAAATCTAAAATCCAAAATT,POSITIVE
TAGTCATTGGTCATTTGTCATTAGTCATTTGTAATTAATTCCTAATCTAA,POSITIVE
GTCATTAGTCATTTGTAATTAATTCCTAATCTAATGACTAATGACTAAGG,POSITIVE
AAATCTTGATAAGTTTCACGTTGCAAAATTAAATTTGCTTCGCCATTCGC,POSITIVE
CCGCTTTGCAACGAGCATTGACAGACGGGGAAAATAGCGGATTTGCTGAG,POSITIVE
TAATTTTGCGTAACCACTTATGATCGGTATGGAATGTTTTTTAATGAACC,POSITIVE
TCGGTATGGAATGTTTTTTAATGAACCTATAGGTTATAGAATCAGTCCAG,POSITIVE
GGTTATAGAATCAGTCCAGATGTTAGCCATATTCTACTTTACTATGGGGA,POSITIVE
GATCGGTTGGGCGCTATAATTAAAGCCGTTAATTTCTCGATGTGTTCAAA,POSITIVE
ACCTTGAAGCAGAGCAGCGATCGCAGTTCTCAAATAATCCTCTCCCACCG,POSITIVE
CCATTTTTGAGCATTTGGTGTATTTCCATTACTGTGTATGGGTTTGAGGC,POSITIVE
AATGTTTAAGTCCCGTTAGGAATATTTAGTCTACTTCAGTAGACTTTAGC,POSITIVE
ATATTTAGTCTACTTCAGTAGACTTTAGCTAAAAGCCAAAGAACTTTAAT,POSITIVE
CAGTAGACTTTAGCTAAAAGCCAAAGAACTTTAATTCGAGGCGGGCGTGG,POSITIVE
GATTTTTTGAGCATTTTGCTGTTCAGGACTTTCATGGAAATTTCCCCATT,POSITIVE
GTAAATGATTGGTAGACTCCTAACCAAGTTATCACCCGACTATGGGGTTT,POSITIVE
CCAGAAATGGATGGTTACGAAACAACCCGCATAATCCGCCAAAACGAGCA,POSITIVE
AACCTTGAGAAATTTGATCACCGCAGATTTACCATTAATAAATGCAGATC,POSITIVE
AAATTTGATCACCGCAGATTTACCATTAATAAATGCAGATCCCACGCAAC,POSITIVE
CGTTCTCGACTTACCCAAACGACATCCGGTATAACGCTATCTGCTTGCGA,POSITIVE
TCTGCTTGCGAAAAAAGCACCCCTGGAGCTACAATTGTTTCCCCTAAACC,POSITIVE
AGCTTTTGGTGAATTAACACGCGGGAAGGTAAATGAAGAAATATCACCAC,POSITIVE
AGGTAAATGAAGAAATATCACCACGCTTTTTAAATCGTGGCTTACCTCCA,POSITIVE
TTGTTGTTGGCAGTCGGCGTAAATGTTTTTGTAGTCGGGGAATAGCTCTT,POSITIVE
AATGTTTTTGTAGTCGGGGAATAGCTCTTTAGTTTGTTTAAGGTTTGACG,POSITIVE
TTAATTTTAGGCATTCGTCCAGAACACTTTAACTTGAGTATGCCAGCCAC,POSITIVE
AATCTTGGCAACGATTCCTTTCTCGCTGTTAAAATTGCCGAACCAGGATC,POSITIVE
TGGTCTTTTGGCGATTGAAAATATCCAAATTAAATGCATATTATCTTATT,POSITIVE
GGCGATTGAAAATATCCAAATTAAATGCATATTATCTTATTAAAGTCAAG,POSITIVE
AAGTTTTTTCGACTTTTTCAAGAATTTATCAACATTTAGCGATATATATA,POSITIVE
TGTTGTTTGAAAATTTGAAGCTTGATCATAAAAATGAGGCTGACTTTCGG,POSITIVE
AGTTTGACAATAAATAACAGAACGTTTTCAATAATGGAGATCAAAAAAAA,POSITIVE
TATTTAAACCCCTAGCTTTAGACATGGGGTATTCTGCTGAATATATTCTG,POSITIVE
TAGCTTTAGACATGGGGTATTCTGCTGAATATATTCTGATTTTTCATTCC,POSITIVE
CCAGTTATTGCCCAAAATCATCCTTGGGTGATAGTAAAAACTGTAGTGAT,POSITIVE
GTTATGGTGCAATACTGTTCAGTTAAGGCTAAAACCTTTTGGCAGAGTCA,POSITIVE
GTTTTTTAACGAACCACAGAGGCGCAGAGGACACTGAGAGAATAAATAAA,POSITIVE
CAGTTTTCAAAAGACCCTAAGTATTTAAATACAACCTGTACGACTGTGGG,POSITIVE
GTGGGTATTGGCTTTTTTGATTTTACGTATAAGCTAAACGCAGACCAATC,POSITIVE
GATGTTATTGCCATTACCCAGGAGCCGTATACAAGTCATTATGGATTTAG,POSITIVE
TTGCTGATTGACAATGCACCCCGCGATGGTATAACACCAAATTTGATTGC,POSITIVE
TGTGGAAAACGCATACATATACCCGTCATTACAATGAATTGACTTGCAGT,POSITIVE
TGACTTGCAGTACTTATGGCGAACTGGGCTAATTTTACCGTGTGCTGTTC,POSITIVE
TCTAGGATGTCATTTCCAGCACCACCATCTATCTTGTCTGCACCTAAACC,POSITIVE
TAGATGATGTCATTGCCGTCACTACCATCTATAATGTCATTCCCGACACC,POSITIVE
AATGGTGTCAATTCCAGAACCACCGTTAATGTAATCATTACCTGCATCAC,POSITIVE
CAGATCGTTGCCATCACCACCTGTGAGGGTATCATCACCTTCACCACCAT,POSITIVE
AATGGTGTCATTTCCTGTACCACCGCTAATGTAATCATTGCCGACATCGC,POSITIVE
GTTGTCATTGTCAGCGCCGCCATTAATTCTATCGTCGCCTTCTCCACCAT,POSITIVE
CGTTGTTGTGATAATGGATCCTCTAAAATTCTTATAGAGAGTTCTTTTAA,POSITIVE
TATTGTTACAAACAACACAACAAGTTAATTTAAATTTTGCACTCCGACAT,POSITIVE
AGTTAATTTAAATTTTGCACTCCGACATATTTATTTACAAACATTAATAT,POSITIVE
AAATTTTGCACTCCGACATATTTATTTACAAACATTAATATACAAAGTAG,POSITIVE
TATTTATTTACAAACATTAATATACAAAGTAGTATTTCCCTTTACTTTGA,POSITIVE
AGTAGTATTTCCCTTTACTTTGATTATGAGAAATTTATCTAATTATTTTT,POSITIVE
TTACTTTGATTATGAGAAATTTATCTAATTATTTTTTCTGTAAAAACTTA,POSITIVE
ATTTTTTCTGTAAAAACTTAGAATCCTCATTAAATCTTTAGATTTGTAGA,POSITIVE
AACCATTTGTGGCGAGAATTCTACCTGACTCAATTTTGACAGGAGTACCA,POSITIVE
AATTCTACCTGACTCAATTTTGACAGGAGTACCATCGTAGGCGCTGACTT,POSITIVE
AGCCTCTTGTAACAAAATTATCCCGGCGGCAATATCCCAAGGAGAAAGCC,POSITIVE
GAATTTTTTCCTAGTGGTAGTTTTAGCCAGATTATTCCCAAGATATTAGA,POSITIVE
TAGTTTTAGCCAGATTATTCCCAAGATATTAGAATATCAAGCAGATTTAT,POSITIVE
TGAAGTAGTGATTACTAGCGGTAGTCCCATAAAGTTACAGAAGTACAAAT,POSITIVE
TTGGTTTTGGGAAGATGGCACAATTGAAGTTTACTGCTTACGAGAGCAAG,POSITIVE
TTGAAGTTTACTGCTTACGAGAGCAAGAATATGAGAAAGTTGTTACAAGT,POSITIVE
TGTTAGTGACGCTGCTAGTAATTAGTCACTATTTTTGATCGTTAACTTAT,POSITIVE
TAATTAGTCACTATTTTTGATCGTTAACTTATTGTGCATGAAGTATGGGG,POSITIVE
AAAGTATTTACCCCTAATTTAATTGTCTTTATTTTTTCTAAGCTAGTTGA,POSITIVE
TAATTGTCTTTATTTTTTCTAAGCTAGTTGAGAATTATTTTCAATATGGA,POSITIVE
TATTTTTTCTAAGCTAGTTGAGAATTATTTTCAATATGGATAAATACATT,POSITIVE
AGCTAGTTGAGAATTATTTTCAATATGGATAAATACATTAAAAGCAGATA,POSITIVE
AGAATTATTTTCAATATGGATAAATACATTAAAAGCAGATAAAAACGTTT,POSITIVE
TCAATATGGATAAATACATTAAAAGCAGATAAAAACGTTTAAAAAGATAT,POSITIVE
GTTTTTGGGGACGACCTGCGAGACGCTTGCAATATATAGGAATTTATTGC,POSITIVE
TGCGGGTGAAGGAATAACTTCGCCAATAATACAAGCATCTTTGCCTGCTG,POSITIVE
ATGTTCTTGCCCAACCAATATGACAATACAATAATACAATAAATAAAAAA,POSITIVE
AATATGACAATACAATAATACAATAAATAAAAAATAATTTAATTTCACCC,POSITIVE
ATATTTCATCACACAAGTCACTTATCAAAGAGAATCTTGGCTCTGTACTG,POSITIVE
AGAATCTTGGCTCTGTACTGATATAGGGAGAAAATCTCTCCGAGAAGCAA,POSITIVE
TACAACTTGTTGGGGTTGAAGAATAGGAATATTACTCATGATTTACTGAA,POSITIVE
GGGTTGAAGAATAGGAATATTACTCATGATTTACTGAAACACAATCTGTT,POSITIVE
CTCATGATTTACTGAAACACAATCTGTTGTATACCTATAAATCTCTGTCT,POSITIVE
AATCTGTTGTATACCTATAAATCTCTGTCTCGAATACCAGATCCTCGTCC,POSITIVE
GAAGACATTGGCGTACAAAAAATGCTAACTATTATCGGTTGCGGAAATCT,POSITIVE
ATATGACTGTGGCACCGCAGGGATGGAAGTAATGTTTCAAGCTAGAGGTA,POSITIVE
TTAATGGTGGGCATTACCCACCATTATTTTAAAATTTTATACGAGTAGCT,POSITIVE
CCATTATTTTAAAATTTTATACGAGTAGCTAAAGTCTAGTTGTTTGCCCA,POSITIVE
GCAACTTTGCTAGGTATTTAAAAGTTTGGTAAACCCAAAAAATCTTTCCC,POSITIVE
AGGTATTTAAAAGTTTGGTAAACCCAAAAAATCTTTCCCCACTCACTATT,POSITIVE
CACTATTTTCCGGCCTCACCCAGCAATTTTATTTTGGTTTGCTTTTGTAC,POSITIVE
AGCAATTTTATTTTGGTTTGCTTTTGTACTAAGTTAACTAGCAACAATTT,POSITIVE
CTTTTGTACTAAGTTAACTAGCAACAATTTAGCTTAGTTATATATTATCA,POSITIVE
AGTTAACTAGCAACAATTTAGCTTAGTTATATATTATCACTCTGATAATT,POSITIVE
TCCTTTTCTAAAAGTTAGGAGTTATGAGTTATGAGTTATAAATTAAGAAC,POSITIVE
TCACTCTTAACTCCTAACTCCTCACTCCTTAAATTTTGCCAACTTCAGGA,POSITIVE
GCTTTGCCAAATCAAGACCTTTTTTGACGTAGTTTTCTCCTTCTTCTGCC,POSITIVE
CTAAAGTTTTGAATTTTGAATTGATAAGAAAGAATTCAGGAGTCAGGAGT,POSITIVE
TCTGGATTCTGACTTCTGAATTCTTGAAGAAGAATTCAAAACTCTGCGCT,POSITIVE
AACTGTTTAACTCTTGCTTCTTCTGCCTCTAAAAACAGGTTGCCTATGCC,POSITIVE
CGTTATCATAGACTTTGCTTATTAACACTTATAATATTTGTAGGTTGGGT,POSITIVE
GGAAATTGGAAAAGTTTGGTAATTGTTTGTATACTTTCGCCAATTACTTA,POSITIVE
GATTTTGGCTAATAAAATTGTTCTCGCGTTTAAATTCCCTTATTCTGGGA,POSITIVE
CTCGCGTTTAAATTCCCTTATTCTGGGACTATTTTAAATTTTGGATTTTA,POSITIVE
GACTATTTTAAATTTTGGATTTTAAATTATTCAATCCCTTCGGGTTCAGC,POSITIVE
AAATTCGTTGAGTAGTGCTACTTGACTTCTATAAACGATATTGAGTTATC,POSITIVE
CGATATTGAGTTATCGAAGTCAGCTCCAATAGATTTATAATCACCAGCAC,POSITIVE
GGTTTAGTTGACTTGGAGCAGCTAGGAAAGATTTTTGATTGGCTAGCAGA,POSITIVE
TTTTGATTGGCTAGCAGAACAAAGTTAACTAATTTGTATCCTGTGGCTCT,POSITIVE
ACAAAGTTAACTAATTTGTATCCTGTGGCTCTGATTAACATTACCTGCCT,POSITIVE
TTTATTTTAGCAATCATTTGCCATAAAATTAAAGTCGTCTCAGCAAACCT,POSITIVE
AAGCTTTTTGGCAGCTATGGGAGCAGTATCAAAATTATCTTGCTCAATGT,POSITIVE
TAAATGATGGAAAGAACTGTACTCATTTGGATAATATTTTAAATTCTGGA,POSITIVE
TACTCATTTGGATAATATTTTAAATTCTGGAAAGTGTGCTCGTTTGGAGA,POSITIVE
AATTCTGGAAAGTGTGCTCGTTTGGAGAATATTTTAACCAATATTCCCGA,POSITIVE
CTCTGGTTTGGAGGAATGCTGTAGTTCGATAGATTTCAATCTAGGATTAT,POSITIVE
GAGTTTGTTTCTAATATTTGTAGCAAATTTAGAATGATTATAAGAATCGG,POSITIVE
AATATTTGTAGCAAATTTAGAATGATTATAAGAATCGGCTCTGAAGAAAA,POSITIVE
AAAGTTTTGTGGTGTGATTAAAAGCTTTATAAAAAATCCATATCAGAATC,POSITIVE
GTGTGATTAAAAGCTTTATAAAAAATCCATATCAGAATCATGCAGAGAAT,POSITIVE
TCGTTGGGATGTCTGATAAAGATAGAAAGCAAATTTTTAAAATACACCAT,POSITIVE
GCAAATTTTTAAAATACACCATCCTACCATAAAAACTTTACAATAGACCT,POSITIVE
CACATGGTGAGATACCTAAAATAAAGATTAAAAATAAAGCATCAAAAAAG,POSITIVE
CTGCATTTGCAGAGAGAAGTACAAATATTCAAAATAGTATAAGTTCAATT,POSITIVE
ATACTTGTTAGAGGTTATGGATTGTTTTCTGGAATTATTGTGTTGACTTG,POSITIVE
GTTTTCTGGAATTATTGTGTTGACTTGTTTCTTATTAAACATTATGTTTG,POSITIVE
ATTGTGTTGACTTGTTTCTTATTAAACATTATGTTTGCAAATTTAAAAGA,POSITIVE
GACTTGTTTCTTATTAAACATTATGTTTGCAAATTTAAAAGATAAAGATA,POSITIVE
ATTATGTTTGCAAATTTAAAAGATAAAGATATTTTTATCTCTATATATAT,POSITIVE
AATTTAAAAGATAAAGATATTTTTATCTCTATATATATTTTAGGATTATT,POSITIVE
AATTTTAGGGGAATTTCTGGAAGGGATTTTATTTTTCGGTGGCTTCGGTT,POSITIVE
GAATCTGTCGCAGTTCGACATCGCCATAATAACGTCCTAACATTTTATCC,POSITIVE
CGCAGTTCGACATCGCCATAATAACGTCCTAACATTTTATCCCGCAGATG,POSITIVE
TTTTCGGTTGCTTCGGTTTCAAACTGCACTATTTTTATTGCTACCCTGAC,POSITIVE
CTATTTTTATTGCTACCCTGACCAAGCACTAACGTCCTAACATTTTATCC,POSITIVE
TGTGTTTTTTCAAACCAGCCTTGTAAAGCTTTGATTTTTGTTTGTCTTTT,POSITIVE
GGCTGTGACTCAAAGGATGGAACTGGTTGCAAAATAGTACCTGAATCAAC,POSITIVE
AAGTGAATGTCTTGTCGTCACCAACATTACAACATTAAGTCTTAACGCTA,POSITIVE
TTGTGTTGCAGGTGAAGGAAGATGCAGATAAGAATCGATTTTTATCTGTG,POSITIVE
CAATAAGTTAACGTGAATTCGACGGCTTATATAGTGTCCGCTTAATTAGC,POSITIVE
GGTTTATCGAACTCACGTTAAATTAGGAATATGCTATTACTTTGTTGCTC,POSITIVE
TTACTTTGTTGCTCAATTGAGGAATAAAATATTTTTTCTCGCTTTGCGCC,POSITIVE
ATATTTTTTCTCGCTTTGCGCCAAAGCGCGAAACTCTCATCCCGTTAATC,POSITIVE
GGTTGGTGAAATTGCATCCTAACAGGCAGGATTATCAGACTGTGTTGGCG,POSITIVE
TCTGTGGTGACACTAAGTAGGACGGCGGAAATAATTAAATGTTTGTAGTA,POSITIVE
AGGACTGAAGTCCTTACTACGAACTGAATTACAATAATTTTACATTAGTT,POSITIVE
GAACTGAATTACAATAATTTTACATTAGTTAATATAGTTTGAATTATTCT,POSITIVE
AATAATTTTACATTAGTTAATATAGTTTGAATTATTCTCACCGACTTACT,POSITIVE
GAATTATTCTCACCGACTTACTTAGCTGGTAATTTATCTCTAGGCATAAT,POSITIVE
GTGGTGATGGAAAAATTGCAAAGCTGAAACAAAATAATATTAGGAATTTA,POSITIVE
GGAAAAATTGCAAAGCTGAAACAAAATAATATTAGGAATTTAACGTCATC,POSITIVE
AATTTAACGTCATCCGCAAAGAGAAGGACTACAATCAAAACGGACAAATG,POSITIVE
TATATTTCAATACTAGCAATTTGTCTTTAAATCATTATTTGAGACAAATA,POSITIVE
TTTGTCTTTAAATCATTATTTGAGACAAATAAATGTTTGGAATGAAGAAG,POSITIVE
TTGGAATGAAGAAGCAATCAAAAAGCGTGCAGAATACTTAGCTGATATAG,POSITIVE
TATTTTATTCAAAGAATACCAACACTTGGTTAAGTCCTTCATAGACTTGC,POSITIVE
CCTTTTCTTGGGGTTGCATATTTGCGGGATAAATGTTTTTGATTTGTGCT,POSITIVE
ATTTTTTGGACTTGCTTACGTAATACTTTTAAACTCCAGTTAACAGTAAT,POSITIVE
TACTTTTAAACTCCAGTTAACAGTAATAATACGATACACTAATATAGTAG,POSITIVE
CTCCAGTTAACAGTAATAATACGATACACTAATATAGTAGTTTTTGTGAC,POSITIVE
TAGTTTTTGTGACAATCATGAAAAAGCTATCAAATACGCTAAAACATTAT,POSITIVE
GACAATCATGAAAAAGCTATCAAATACGCTAAAACATTATCTCTGCAAGG,POSITIVE
TCCTTGAATAAAAACTCTTGATCGCTTGGCAAATTATTGCTATAATTCAA,POSITIVE
AAACTCTTGATCGCTTGGCAAATTATTGCTATAATTCAAATTGTTGAATG,POSITIVE
AGTGGTTTGTGGTACCACCATTCGTGGGTTCAATTCCCATCGTTCGCCCT,POSITIVE
CGTGGGTTCAATTCCCATCGTTCGCCCTACATAATTTAATAGCGATCCAT,POSITIVE
AATTTAATAGCGATCCATAAGTTCCTATATAAGATGGGTGGTGGTTTTGA,POSITIVE
CCTTGAATTAACGAATTTTCAGGCTATGGTACATTTCTTGAAAAGCAGGT,POSITIVE
ACATTTCTTGAAAAGCAGGTTCGTCTGGACAAAGTTCATAAGCCCAGCTA,POSITIVE
GTTTTGGATACCTTTAAGTAATGTCTTAATAAAAAAGTCAGCGACATAGT,POSITIVE
CAGATTTTGAATATCCTTTAGTTCTTGGCTAAACCTGTAAATTTCTTGGA,POSITIVE
GTATTTGAGACTCACTGCCACATCGAACCTAAATTTCTAAGGCAGCAGCC,POSITIVE
TCTGCACTTTGACTCTCTCAGGACTTACGCAAAATACCTCTCAAACTCTC,POSITIVE
TTGATTGTTTTGTAATGGTTGGGAGGGCTGAAAATCCTGCTCAATTTGAT,POSITIVE
GTAATGGTTGGGAGGGCTGAAAATCCTGCTCAATTTGATTGTTTTGTAAT,POSITIVE
TTGATTGTTTTGTAATGGTTGGGAGGGCTGAAAATCCTGCTCAACTTGAT,POSITIVE
TGTTGGCCAAAGGGAATTGGCGTGGGCGGCAAAATTTCACCTGATTCTTG,POSITIVE
GATATTTTGTGGAATAATCAATTTGTCGATATCTTCCATCACACACCCGA,POSITIVE
CATTGATTACAACCGCTTCCACGATGTTTTACCTTTAGATGAAAACAGTT,POSITIVE
AGTTGAAATGCCTGAAAGTTACTTTACAGTCTGATTGAGTGGAGCTTGTA,POSITIVE
TTATTTTTACAACGTTCTAGCTGGGGTTTAAGAATTCGGGCTGTGACGCA,POSITIVE
GCTGGGGTTTAAGAATTCGGGCTGTGACGCAAAATCGGAGTATGAGTGCT,POSITIVE
GGTTATTTTAAATCTTGTACCAGTTGCTTTATTGTTCGGTGACGCTCGAA,POSITIVE
TATATTTCAATTATGCGAAGCCGATTTGCTACTATCAAAACAATGAATTT,POSITIVE
ATGAATTTGAAGGCGCTTATGACACTAGCGATTATGGCTGAACCTGCTCC,POSITIVE
GAAAACTTTGATAATACGGTTGTTAGATGAATATTCCGCCGTAACTCAGA,POSITIVE
ATCTGTTGGCTTCCTCACCCGCCTGGAACTAAAGTTCAAGGCTAATAGCT,POSITIVE
TACTGAAGTAGACTAAAGATTTTTAGGTATATAGCGGTTCCCATTCAGAT,POSITIVE
ATACCAATTCACGAAAACCTTGATACACATAGATTTATCGTAGGGGCATG,POSITIVE
TGGTTAATAAAGTAAAGTTTTATATATATTATTTTAATACTAATTTAATA,POSITIVE
AAGTTTTATATATATTATTTTAATACTAATTTAATATTCCACCTCTGCAA,POSITIVE
ATGTTTGTCTTGTCTCAGGATGAAGACATTATATTTGCCTTAATGATATA,POSITIVE
GGATGAAGACATTATATTTGCCTTAATGATATAGTTAAAAGACAGGCAAT,POSITIVE
CAAGTGCAAATAATGCGATCGTCAGTTTATCAAATTCTAACAAACTTGGT,POSITIVE
GGTTGGGTTGAGGAACGAAACCCAACATTTATCAGAATTTGTTGGGTAAC,POSITIVE
ACTGTATTGGGGTATATCCCAATTATTTCAAAAATCCCAACATTCCCATA,POSITIVE
CAATTATTTCAAAAATCCCAACATTCCCATAGATTAACTTATACGATAAA,POSITIVE
GGATGATGTAATTAACAAATAAATGATGATTTTATGCCAATATGTAAATT,POSITIVE
TATTTTGAATTCTATGAAATACAAGATGCCATAATGTACGTACTTTCCCC,POSITIVE
CTGTTGATGGCTGTGTTTACTATTGTTGCAAGAATAGCAGCTAAGGGGGG,POSITIVE
TGTTGCAAGAATAGCAGCTAAGGGGGGAGTAAAAGGCGATCGCATAATTT,POSITIVE
TGTCTCTTAAGGAGTACGTTGAATGATGGTAGAATTCAGATATTCTCTTA,POSITIVE
GAGTACGTTGAATGATGGTAGAATTCAGATATTCTCTTAATTGTGGGGCT,POSITIVE
AGTTATTGCAGCTCAAAGACTACGCACTCTCTCATCCCCAATCAATTAAC,POSITIVE
ATACTGGATAAAATCATGGTTCAGCAAGTTCTAATCAATGATGATGATTA,POSITIVE
CAATATTGCAGCAACCACAGCATAACGGATGAAATGGGATTCCTAACAAA,POSITIVE
AATATTGATAGTCATAGAAGAAAAAGCAGTAGTATCATCCTTGATGACAG,POSITIVE
TCCTTGATGACAGGATGTACATTGACTATTAAAAAGGAAACAGATACCTG,POSITIVE
CACTTAATTTGTGTAGACTCCATAGCCAGGATACTTGCCATGACTGCATT,POSITIVE
ATACTTGCCATGACTGCATTTTCTCATTTTAAATTTTGAATTGCTTAATC,POSITIVE
CAAACTTTGCTTTCTTCAAACAACTACAACATATTCTGGTAAATGCTATC,POSITIVE
TTTCTTCAAACAACTACAACATATTCTGGTAAATGCTATCTATGCCTCAA,POSITIVE
TAATGTTTGCACTGACCAATTTCCTTGAGCATCCTGGTGATAAACTTCTA,POSITIVE
TACTTTGATTTCATCTTGAGAAACTAATACATATTCTTGCAAGTTTTCTA,POSITIVE
TTAGTGCCTTAACTGGTGCTACTTTAGAGGATATTTGCCGCTATCCCCTC,POSITIVE
AAATGATGACTGAAACTCAAGCGATCGCAGAAAATTTGGGTATAAAGTTT,POSITIVE
AAATTTGGGTATAAAGTTTGGCATCACTTTAGAACAGCGAATTAATGGGG,POSITIVE
TCACTTTAGAACAGCGAATTAATGGGGCAGAAAATGTTGGTGCCCATAAA,POSITIVE
AAATGTTGGTGCCCATAAAACCTCAATGCTACAAGATATCGAATCAGGAC,POSITIVE
GCTATTGTTGGTGCAGTCGCAGAATTGGGAAAACTTACTCAAATTTCCAC,POSITIVE
AAGGGAATTAAAAATGAATACAGCGTAAGTATTTTATTCATTTGAAATGG,POSITIVE
CATTCGTGAACAACGAGATCCCCGACTTCTATAAGAAGTCGGGGATCTGA,POSITIVE
TCTGAGTCTTGTGATTTTCACAAATCAAATAGGATTGCTATAGTACCTTA,POSITIVE
TTTTTATATAGCAATCCTAAATGAGTTCTGAAAATCGAGAGGCTCAGATC,POSITIVE
TGTTGTTCACGAATGATTTAGGACTGCTATATATTGATTATATCGGCAGC,POSITIVE
CGAATGATTTAGGACTGCTATATATTGATTATATCGGCAGCGATCGCCTG,POSITIVE
TCTCTTTTTAAAACCTCATATTCATCAATCAAAATGTCAAACAAAAAGCG,POSITIVE
AAATGTCAAACAAAAAGCGATCGCTCCTTTAAAATAAAGAGCGATCGCTA,POSITIVE
GAGTGGCTTTTAGTGGACGCTAGCTATTGTATTATGTGCTGATTTTGCTA,POSITIVE
GATGTTTGAAAAGTCCTCTTGCCAATATCAAAAATTTTAGATCCCCTAAA,POSITIVE
AAAAATTTTAGATCCCCTAAATCCCCCGATAAATTGGGGGACTTTGATTT,POSITIVE
CCTTTTTAAGGCTACCGTGTATACAGAAGTCGAATTACCCCCCTTAGTCC,POSITIVE
ATTATTTATGGAGAGCTAATAGCGCGATCAACAATAACAATCAAATACTA,POSITIVE
CGCTCATTGACAGTCTAGACAATTTCTGTGATGATTTTATAACTAATTGC,POSITIVE
GACAGTCTAGACAATTTCTGTGATGATTTTATAACTAATTGCGATCGCTC,POSITIVE
GCTTTGCCAATTTCCAAATTGCTGATTTTTCAAATTCTTCTCTCCAATAT,POSITIVE
GTCATTTGTCATTGGTCATGAAGAGTTATTATTTTTCTCCTTGTCTTCCT,POSITIVE
TCATTGTGCCTTGGCTTTAGCACTATGTATACATTGAACACAATAAACCT,POSITIVE
ATACATTGAACACAATAAACCTATTTCAGTATAATCCCAAAGTAGGATAT,POSITIVE
ACCTATTTCAGTATAATCCCAAAGTAGGATATTTTGCAGTGTTTAGAGGC,POSITIVE
ACTAATTGTGAATGACTATCAGGTTGCGATATCTTCTCTGCGAGACGCTA,POSITIVE
TTCGGGCTGAAGAGAGTTGACTCCAAAGGTAACGTTACCATTTTGCGGAC,POSITIVE
GGACTTGGGACAAAACCTCATATTTGCTAGATTATGGCATAGCCTTAATT,POSITIVE
GGAGTGATAGAAATCACTTAGACAAATCTAAAAATTCATCATTAAAGTAG,POSITIVE
TCACTTAGACAAATCTAAAAATTCATCATTAAAGTAGTACTTTTACTGAT,POSITIVE
CCTATTTGCGCTAAAGGTTTTGGCTACTGTATCTTGTCCCCACTGCCATC,POSITIVE
TATCTTGTCCCCACTGCCATCAACTCGTTGATAGTCAAGCTATTAGTTGT,POSITIVE
GCATTTGCAACGCAAGAATCACCCGCAGATCAACTACAAACATCAGGCGA,POSITIVE
ACTAGTGTAGGCTTGGGCGATCGCTTGCTGAAAATTTTCTCCAATTCCAG,POSITIVE
CGCTTGCTGAAAATTTTCTCCAATTCCAGTCACATTTAATACCCGACCCC,POSITIVE
TGCTGGTTCAATTTCGTACCTGCATGAAATACAGTTGCTCCGGTTGCCTC,POSITIVE
GTGGTTTTTAATACAAAATTACTTTCAAATAAAAATATCTAACTACTTAT,POSITIVE
TTACTTTCAAATAAAAATATCTAACTACTTATTGTGGGGCGGGCATCTTG,POSITIVE
TTTTAATAGGCAGGCGAGATGCCATAGCAAATATTTGTTATTTTAACCTT,POSITIVE
GTTATTTTAACCTTTTGCTAGCGGTTTCTTAATGTCACCGAGATAATTTG,POSITIVE
AGATAATTTGAGGTTGCTGAATACGGATGAATACTACTAAAATATGTAAT,POSITIVE
TGAGGTTGCTGAATACGGATGAATACTACTAAAATATGTAATTTTTTTAC,POSITIVE
ATTTTTTTACTATATAGCCAATTTTTGGATGAATTAAGTTTTTGCATCCT,POSITIVE
AAGTTTTTGCATCCTGCGATCGCCCCACTAATGATCAGGGTTGTGGTGGG,POSITIVE
ATAATTGCCAAGGGCGATCAGCACTTATATATATTCCCGTTCTATTATTT,POSITIVE
GATTTTTTCAGACTTTCAAACCAAACCTGTAATACCTCTATCAATGATGT,POSITIVE
CTAGATTTTGTAGAGCGAACATTGCTTAATCAGATCCTCAGAACCCCGAC,POSITIVE
GGTGTTTTCAAACTACTCGTTTAGCCCCCTAACTTTTTAGATCCCCCTAA,POSITIVE
AACTTTTTAGATCCCCCTAAATCCCCCGATAAATTGGGGGACTTTAAGAG,POSITIVE
AGACTTTAACAACACGCCGTAGCCCCTAAAAAAATCTGTTACCAAAACTG,POSITIVE
ACCACAGATGAGTCCGCTAGCTGCACCTATAAAATCAACATAAAGTTTCA,POSITIVE
GGAATTCATGCCGACGGGATAGGGCTGTAAATAATCACTGATTGAGGCTG,POSITIVE
GCTAAAGTTGCGATCGCCTCTGGGTTGTATAAAACTATTATTCTTGATGA,POSITIVE
TCTTGATGAACTAAATCCCACCGTTGACTTAGAATTACTCCCCGTTGAAC,POSITIVE
CTTCGACTTGGCTAGCGTCCACTCAGAGGTTTACTGCCATAAACACTATG,POSITIVE
TAGATTTTTAGGCGTTGCTGATTAGTTGATATGCTAGATTCTCTAGAAAC,POSITIVE
ATTAGTTGATATGCTAGATTCTCTAGAAACATAACAAATTTGTTTACCAA,POSITIVE
TTCTCTAGAAACATAACAAATTTGTTTACCAAAATGGTAAACTTATATTA,POSITIVE
AAAAGCCTGAAAACTTCCGGGAGCATCGTTAAAATAATTCGTAATTCGTA,POSITIVE
ATTTGTACAGTGAGTAAGTCCTATTTTTGTCTGATTTACGACATGCTGCG,POSITIVE
ATTTTTCAAGTTGGTATCATACTGATTTGGATAATTTTGGATACATTACC,POSITIVE
AATTTTGGATACATTACCGCAAATGCGCTGATACTTTATTTTCGCCTCTT,POSITIVE
ACGCTATTTGAACTTGTGATCAAAACTTAGAGCATCCAGTTTATTAGGGC,POSITIVE
CACTTTGATAGTTTTACCAATGCGATCGCTACTATTAAGCAGCGCCAGCA,POSITIVE
CTTTGGGGATAAAAAAATAAATGCTAGTCTATAGTTATGACTATAATCTA,POSITIVE
CTCAAATTGAGCAGAGTAGTTATTATCGCTAATCTTATTAAATTCTTTCT,POSITIVE
TATTAAATTCTTTCTCAATATTATCTATATATTTTTCTTCTTGTGTTGTT,POSITIVE
TTGTGTTGTTTCAAGATTTATATCAGTATCAAAATCACTTCTCATATTTT,POSITIVE
TATTTTTAAGACAAGATTCTTCATATTCTTGGAATTTTTTACTCAAAATT,POSITIVE
GAATTTTTTACTCAAAATTGAACATTCTTCATCATTTCCATAGAATTTAA,POSITIVE
TCAAAATTGAACATTCTTCATCATTTCCATAGAATTTAATCCTGACAAAT,POSITIVE
TTCATCATTTCCATAGAATTTAATCCTGACAAATTTCTTATTTATTATAC,POSITIVE
CATAGAATTTAATCCTGACAAATTTCTTATTTATTATACTTACTATTTGC,POSITIVE
ACTATTTGCCAACGAGAGTTGATATGAGTTTTTATACCTTGGAGTAATTG,POSITIVE
AATTTTTTCTAAACCCCTTTACAAATCTATAGATGTATATGCTATGATGG,POSITIVE
CCCCTTTACAAATCTATAGATGTATATGCTATGATGGCAAAGTTGCGAAA,POSITIVE
GCTTTTGAGATGAAGGCAGAGGTGAGTTTTATTATTAGGAAATTTGTGAA,POSITIVE
GTGAGTTTTATTATTAGGAAATTTGTGAATACGATCGCTCTGTTAAAGAA,POSITIVE
AATTTGTGAATACGATCGCTCTGTTAAAGAAAAATTTTTGGATGAGCGAT,POSITIVE
AAATTTTTGGATGAGCGATCGCTTTTCGCTAGAAATAAAAATGATTGCCG,POSITIVE
AAAATGATTGCCGATTCATAGAAATTAACTAAGTTTTATGTATAATTCAG,POSITIVE
CGATTCATAGAAATTAACTAAGTTTTATGTATAATTCAGTAATTATACGG,POSITIVE
AGTTTTATGTATAATTCAGTAATTATACGGATACTTAAGTGCATGTTGAA,POSITIVE
TCTAATTTTCTTGGCAAGCAAACTATTGATAGCTTAACGGACATTTAGTC,POSITIVE
CAAATTTTTGGGGTTGAGGTAAATAACCTTAATCTCTCAAAGATTGGTGT,POSITIVE
TTTCTAACTGACAGTAAAGCATTTACAAGTATAAGTGGTGTTGAAGTTTG,POSITIVE
ATAGAAGTAAGTTAGATAATTTGCCACCAGAAGACTACGTTCCTAAACTT,NEGATIVE
GATTGGATTCAAAATAATCAGTACCAGAAACAAAAGGAACTTTCAGCCTT,NEGATIVE
CAAATGACTAAATTAAGTATTTTGTGCAATACCTGTGGCTGTAGGTTCCA,NEGATIVE
TAAGACAACTTTGGCGAAAGCAGTACAACCTTGAGAACCGTGGAATAAGG,NEGATIVE
ATACAGCGCTTCGTACAGTTCCCGCGCCATTTCAATCATTCCCACATAAC,NEGATIVE
CGTAACCAGTGATGTGGGAACCGACAAAGCTAGGGGTATGAGCGTAAGGT,NEGATIVE
ACTAGAGTTAGAGAAAGTTAATCTGCGTTTGAAGTCTGCAAAGGCAAAGG,NEGATIVE
ATGTTCATCAGCGATCGCAGTTCGATTATCTTCAATCTCTGTTGGGTCAA,NEGATIVE
TCGCTAAACAAGGTTATGTAGCGATCGCTCCAGCCATGTATCAACGTATT,NEGATIVE
CAGCAACTAGTTGTCCGAGACTAGACATTTTTTCACTTTGAATCACCTGA,NEGATIVE
TTGATAAAATGCCGTTTTCCTTGTATATTTAGCTGAAAATATTTGTCTTG,NEGATIVE
GCTGACTGAAATTGTTCCAAGTCCATTGAGTATTTATTTGAGTTCGATTA,NEGATIVE
GGTAAGGTGAGTCCATTGCCTAAATCTAACTTCGGATCAATTGAGTTTAT,NEGATIVE
CATGGCGCTTAGAGGATGTTTTAAAAGTCCCAAAAGTTATAATTTTGCAG,NEGATIVE
AAACAGAAGATTTTTGAGCATTTGTATACTACAAAAGCTGTTGGTAAGGG,NEGATIVE
AAGCAATTAGTGGTGATTTAACTAATTATCAGTCTAACTATAGAGAACCT,NEGATIVE
ACTTATAAGATATGCCTGACAAAATTGTTACAAATAAATAATATTAACTC,NEGATIVE
TTCAAAAATTTACCAAGCCCATTTTGCTCTTGATCCAGAGGTTGCATACA,NEGATIVE
GCTGGAAACTCAGCCCAATGGATTTGGAATCACGCGATCGCTGGGTAGAA,NEGATIVE
CAAATTCATGTGAATTTAGGACAATACATTTTGCTCCTTTGTAACTCACG,NEGATIVE
TGATTTCTGCCTTTACGCTTTTGCTCACTTTTATCTAACTTCTGAAAAAA,NEGATIVE
TCTAACCAGGGAAGTAAGAAAATAGAATGCTAAAATACTTTTGATAAAAC,NEGATIVE
TTTAATTGTTGATCGTCTAGATAATGCGTATTTTTCAAACAATTGATAAT,NEGATIVE
GCATAAATGCCTGCTGGGGGCGATCGCTCCACAGCCCAAGTTATTGAAAG,NEGATIVE
CCAATTATTTATGAGCGTTACTCCTAAATCTGATATCAATTGGCAGCCGT,NEGATIVE
TGCTGCCATTTTTTGGGGTTGACGCTTTTGCAACTGCTCAGAGTATTTCT,NEGATIVE
GCCGCGACTTCTTTTCACTTCAGGCATGGTGCTGTGTCATCCCTCCACTC,NEGATIVE
TCTAACATATCATTTTTTTGAGGGTAAAAATGCACTTCATATTCTTTTAA,NEGATIVE
AACTCCTTTTTTTTGATTCCCACAATGAGGAGATGGGTAGGAAACTCTCA,NEGATIVE
CCCTAGAGTCTTTGTCGTATTGTTCCAGGGAAAGTAAGCTATTTTATAGC,NEGATIVE
ACTCATGCAGCAGCAGTTAAAGGTTCGTTGCAAACTGGCTGAAACTGAGA,NEGATIVE
GAGCTACCAAGAGATAGAGCCGAGCTTTATAATCAAGCATCGCGGGTACT,NEGATIVE
TCTGCTATGCCTGTATTTTCTGTAACCTGCAAAAAGGAACGGATTTAGGC,NEGATIVE
TAGAGTTTCTCTGTTAAGTGCAATATAGACCTAACCCCCAGCCCCTTCCC,NEGATIVE
CTCTTTTTAGGCTACGGTGTATACATAAGTCGAAAAATTCTCTACTAAAT,NEGATIVE
CAAGACATCTATATAATAAGATATTCACTATGAGCCATAACTATATTTGG,NEGATIVE
TGAATCAAATCATAATTAATGACACTACACTACGTGATGGTGAACAGGCA,NEGATIVE
CGTGATGGTGAACAGGCAGCAGGTGTTGCTTTTACCCTAGAAGAAAAGGT,NEGATIVE
CCATTTGCACCTGAAGAGGTGGGTTGGGAACGGCGTTTAGTATTAGGTAA,NEGATIVE
GGTTGGGAATTAGAATTTCGTGATTTGCCAGATAAAGCAAATTTACCCCA,NEGATIVE
CGCGTGAAGATTTTTTTACTGAGATTGTTGCTTATTTTTTGTCACTGAAT,NEGATIVE
ACGTTGCTTTAACACCCCAGTAACTTGACGCTATAACTTTTTTAGAACAA,NEGATIVE
TAGTTCTGCTGCGGGACTAACCTTTACTATCAACAGTATTACTGACAACG,NEGATIVE
GGATTACTAATTCCTGCTAGTTGATCAGCAAATGCTAGCGTGATACCTGC,NEGATIVE
CTCAACCCGCTTTTTGGAAAAGTCAAGGAACTGGTGATTATTGGGGATTT,NEGATIVE
TGGGCAAATATTAGTTGATTCTTCAGGAGTTTATCGCTTTGATAATATTC,NEGATIVE
CAGCCGGGTTGCCGTTGTATTCTCCAATGGCATTGATAACAACAAATACG,NEGATIVE
CGGGCGGGAGTAAAATTTAAAGATGCTGACTTGATAGGCATACCTTATAG,NEGATIVE
TTCTTCATCCCGTAATAAATGGAGCAGGCGCAGGCGCATCGGCTCACTTA,NEGATIVE
CTAATCTCTGGTCAATGATTGAGGGAGAATTTACTGACAACTGCAATTGT,NEGATIVE
AAACACGCGAGATGTGGACACCTCCGTTACCTGACTGGCGTTCACCTGGT,NEGATIVE
CTGCGATCGCTAATTCTGGAAAAGTCCGCGATCCAATTTGCTGGTGCCCA,NEGATIVE
TCCCAACTCCCCATTGCTGGTATGGATAGCAGCGATGGTTTGGCAGATGC,NEGATIVE
ACTACAGCGTTACTAATATTGATTATCGGGCTGATGGCACCACGGCTCTA,NEGATIVE
CCAGAGAACACAAAAAGCATCGGTTAAGCACCCAACCATACAACTTCCCC,NEGATIVE
GCTATAACAACCAATGCCCAATCCCCAATCCCCAATGCCCCATTCTATGA,NEGATIVE
TCCTCACTCTTGATCAAACTAAGCAGTATCAGCATAAAGTGCGTTTGATG,NEGATIVE
TGGGAGAATTCAAAGCCTCTCTCTTGATAGGCTAGCGTGTATACACAAGT,NEGATIVE
TGTATACACAAGTTATACCAATTTGAAAAAAGAATGCGACAAATAAACCA,NEGATIVE
TGCCAGTTGACAACTGAGCAACAGACCCAAGCTTTCACGAGAAATATTTC,NEGATIVE
TCACGCTGGTTCCGTAGGCATAGCAGCAGCTTTTAGTTTCTATCCCAGCA,NEGATIVE
TGCCGCAAAATGGGCCTATGGATCAACCAGAAGTAGAGTGGACAGACGTT,NEGATIVE
ACATCATACCCAGCCCTGGCCCTGTGCGGCAATCAGCTGCTATTCTTGAA,NEGATIVE
TACCTCTAAATCTTTAATAGATGCAGTCAATACTGCCATTTATCTGCGTC,NEGATIVE
TATTTCGCTGCCTCTGGCCAAAGTCCCGAGAAGATCAAAAACTAAATTCC,NEGATIVE
GCGACAATTGAAAGTATCTTACGAGGTGGTTTACTTGGCAAGACGAATCT,NEGATIVE
TTTCTCCAAACCCTTAGTACCTACACTTACCTTTACGCTTGGCTTAATCC,NEGATIVE
TAATCCATATCAACATTCTGGATAAAGAACAAATTCCTTGGTTTGCTGAA,NEGATIVE
CCATCGACTCCAATACATTGTCCAGTGATGAAAGATGCCGCAGGCATACA,NEGATIVE
TCTGAATGTACCCGAATCTGTTGCTCATCCCTTAGACTACTACGCTAACA,NEGATIVE
TTTTAAAGATAAAGATGAATGTCCAATGTGTGGGTATATTGGCGCATTAT,NEGATIVE
AGATCACGTAGTGCCCGCTCTAGTAAAGTAGAAAAGTGTATAAACCATGA,NEGATIVE
GCAGGAGAAAATTATGCCTACTCAACTTTTAGACTTCAGGTACCCTTGCA,NEGATIVE
TCTCGCAATACTCTTATCATTGATTCTGATGGCTGATTTTGAGAAGCTAC,NEGATIVE
AAAGCTAGGGCAACTTTCGCTGTTTCTGCAACATTATTAACTACATCACA,NEGATIVE
ACCATCACTGACTTCGACTACTTTGATGATGAGATTTGGATTTCCGCCGA,NEGATIVE
TCACCATTTTCTAGAAACCGTGTGTGCGGTTATGGCCTGTCACGAATCAG,NEGATIVE
TATATACTAAAAAGCATAAGATTTTAGGTTAACGTCCTAGCATTTTATCC,NEGATIVE
CATAGCCTGTCTGACATCACCTAAGCTAGCAGTCGATGCCCCGACTGCTT,NEGATIVE
ACGGATTGACATGACGGACAACGCCACTCTCTAACAGACAAATCCAAACT,NEGATIVE
ATCCCGCAGATGCTTAATGCGATCGCGCAATTTACCCGCCTCTTCAAATT,NEGATIVE
CGCGAATTTGTGGCACTGTAACGTGAGATTCATCGATAATTAATAGCCAA,NEGATIVE
CCGACCCATTTCTATGTCGTTGCGGCTATATTGAACATTTGCCAAATCCC,NEGATIVE
CTTCGGTAATCGTCCAATAGCATCAAATGAGGTTGACAACTCTGAAAGCC,NEGATIVE
CTGACGCAGATCACCCGCGCACTCTTCACCCGTCCCCTTATACCAAATAG,NEGATIVE
TTACTCAAATCATCACCGAGTTGTTTTATGCTACCAGTTATTGAAAGCAT,NEGATIVE
CAGGTGTAGAGCCGCTACCAGAGAAAGTTCCGCCATCTTCAGGTAATAAA,NEGATIVE
TGTGAGATTGTTTCTCCCCAGAACAACACTTATAATTTCATCTGGCTCTG,NEGATIVE
AAACCAGCTATTTATGCTTATGCTCAAAAGCTGTTGCAAGAGAATTTGCA,NEGATIVE
ATGTTAAACAGACCGAGAACTGTATCTCCAGATGTCACCGTACTGATAGT,NEGATIVE
ACCATCTAGAGTATCATTGCCTGCTCCGCCATATAAAATGTTGTTAGAAG,NEGATIVE
CGTGCCCCACTTCTTAAAAGTGGTTCTCGAATTGATTGGGTCGAATCCCC,NEGATIVE
CTAAAAAAATAAATTATCTAATTTTTTTTTTGAAAGTCCCTTAATTGATG,NEGATIVE
CACTTAATAACACTTAGGCTTTACATAAATTTTATATAGTTATTTAGCTC,NEGATIVE
ATTTCCACCAATTAGACTGTCGTTTGCCGTCCCACCTGCGAGGGAATCGT,NEGATIVE
AAGCCCGCCTTTGCTTGCAGGTGAGCGAGACGCCTACTCTAAAAAATTAG,NEGATIVE
GTTTCAATCTACTAACTTTTCTGGTATCAAAAGAAGACTTGAGCTAAAAG,NEGATIVE
GCTACGTCTCTTTAATTCTGGTTTTTTTGTATAAAATAAATCATCTACAA,NEGATIVE
TTTCGCTATCGCTTGGGTTTTGTTCTGGAATCTACTGACAACAGCACTGG,NEGATIVE
AAATATCCAGCATTACTAGCATAACTCCATGCTGGCAAACGGGTTGAGTC,NEGATIVE
TCTATTTGTTACGTTTCTCGATTGCGTGCAATCCGGTTCGGATCGGGTTT,NEGATIVE
TGCAGACAATGTAACAATAGCGATCGCAAGCCAATACTTTTAGCCATACC,NEGATIVE
CTTGCTAATATTGGCTGCTAGCTCCTCTAAAGATACTGGGCCAAATGTGA,NEGATIVE
TATCAGGTGTGGATGACGATAGGATGGCACTCCGCAAAGTTGTGGAAACT,NEGATIVE
GCAATGCGCTTTACCCTTACAACAGTTAAGAATATTTGTAGGTTGGGTTG,NEGATIVE
ATCCAAACGCCTTGGTCACTTTGACTATCTGGCTCAAGGGACTCTTTATC,NEGATIVE
TACCTTCTTGGAACAAAAGCATTCTGTTTGTGGAAGAAGTTGGCGAGGAT,NEGATIVE
CAGGAAAAATTGTCAGACTTCCCACGCAAGATACTAAAATTTAGTTATTA,NEGATIVE
CCAACAGCAAAACAACAGACAATGTACCAGAAATCCCTTTATTAACCTAT,NEGATIVE
CCATTGAAATCGCCGACGAAGTGCTGATCACCACCACTAAGGTTCCAGCC,NEGATIVE
GCGTTAGTAAATACAAACCAAATATACATAAAAACTCATTTTCTACCATT,NEGATIVE
CGCGCAAATGTTGTTGTGCATAGTCAATGGTAGGTTTTTCATAGAGTTGT,NEGATIVE
AATGGTAGGTTTTTCATAGAGTTGTGTAACTTCCAGAATCGCGTTAAACT,NEGATIVE
CCAGCACTAATTGCCTCTTCAATAATTGCTAAAATCACAGGTTTTGCCCT,NEGATIVE
GATAGTACCAGATGTTTCGCCCCGCAAGCGATCGCCCACAACAGACACCG,NEGATIVE
CAAGCGATCGCCCACAACAGACACCGGGAAATCACAATAAAAACACCGCC,NEGATIVE
ATACTAGCTGCATTATTGATGGTCGCATTGAAGCGTTACTAGAAACAGGG,NEGATIVE
TTATTGATGGTCGCATTGAAGCGTTACTAGAAACAGGGTTTTTAGAAGGG,NEGATIVE
AAGAACCCAGTCAAGGTATTGGCTACCTAGATGACGGCACAATGGTAGTC,NEGATIVE
ACCCCAAGCTTCAGCATTAGCGTGAAACAATGGGATGTTTAATTCGAGTC,NEGATIVE
CCCGCACTACATCTGCATATACTGGCATGAGGGACGAAAGTAAGCCTTGT,NEGATIVE
TGTCTGGCGCAACTTGGGCAATGGGTTTCAATTCTGCTAATCGCACATTA,NEGATIVE
GGCGCAACTTGGGCAATGGGTTTCAATTCTGCTAATCGCACATTAGGCAC,NEGATIVE
TATTGAAGGAGCGAATTGTCTATATTGGGATGCCTCTGGTGCCTGCTGTC,NEGATIVE
CTAGTTTGCCTCACTCCTCGATTATCCTGCATCAGCCCAAGAGCTACGCC,NEGATIVE
CGTTAGTTGATATCTTACATCGCACCACTGGACAACCCCCAGAAAAAATT,NEGATIVE
ACTTATTGACCCATCAATTTAAACTTGACAGACTATTAGGGCTTGGGGCT,NEGATIVE
TGGAAGTCAGAATACAGACAAGAAGACAATTAGTGAAAAGTCAGATTGGA,NEGATIVE
GCTCACTCAAGAATACTACGGGATTGCTACACCTAAAGACTCCCCCCATC,NEGATIVE
GGCAATACTTTCAAGAATACTGGATTACCAACCAACTGCCAACGGAAGAT,NEGATIVE
CAGCTCTATTTTGCCTTTGAAAGTATCGTCGGAAATATATCCCATGATTA,NEGATIVE
ATAAAGGAAAAACTGTAATTGGGATTCATTTACGGCGAGGAGATTATGGT,NEGATIVE
ACTCTGATGTTAATTTAGGTTGTCGAAAAAGAGTTAGTAGTGGTTTAGAT,NEGATIVE
GCTACTTGGAAAAGAGCATGGCAATATTATGATGATACTATGGCACTTTG,NEGATIVE
AATTAGAAATTATTAAAATTGCTCCTATAGGAAATTTAGTTGAATATAGC,NEGATIVE
ATTTAACAGTTCCATCAATATATGAGAATCAGGCGGAAATTAACTTTTTT,NEGATIVE
TCGCCTCACAAACTTTTTCTTATCATATCAAGCACAAAATGATATAGATT,NEGATIVE
TATGGGGATACCCATCCATAATGTTTCTAGGGTTGTGGTTGCACCGTTGT,NEGATIVE
GACTATTTGATCAATGGGTTCTTGAGAAATTTCTAAATATTTATTTGCCC,NEGATIVE
GTGTTTTCCCTGGTGTAGGATGTGGTTGTGTGTTCTAGATACAACTTACC,NEGATIVE
GCGTGAAAACTGAAGTATTCATCGAAGCTGCTCAAGCAATGGGCGCTTCT,NEGATIVE
TAACAGATAGGGAATAGGGAATAGGGAATAGCTGTTCACCAATTACCAAT,NEGATIVE
TAATAGCGGATAAAGGCTATCAAGGAATTGCTAAGATTCATCAATTAAGT,NEGATIVE
AGTGGAAGATTTTCGAGATATTAACTTTACACAGCGTTCCTCCCTGTGGA,NEGATIVE
GTCACCGCCGGCACCGGACAAGGTGGTAATATTACAGTGAATGCAGCGCG,NEGATIVE
AGTAGTTTGCCAGTAGTGAGCATATTTGGCGACACTAAACAGTCTAATAA,NEGATIVE
ACAGTTCGAGCCAATCACTTGGTTATCCAAGATGGTGCATCAATCAATAC,NEGATIVE
TTTCAGTATTAATCAATGACTGGAATGATGTTTGCTGCCATCTTTTTAAC,NEGATIVE
ACTTTGCCGTTAAGACAGCAAGGTGCGTGGTGAGGTCTAACGACCTTGTA,NEGATIVE
ATACCGATGTCGATGTCGTTCATAAATCACATCTTCTTGATAAAGCTTGA,NEGATIVE
GTGTAAATATATACTATAGCCGCGTGTGGATCTGTTCCATTCTATTTTGT,NEGATIVE
TCTGGTGCATCTACTATTAAATGCATTTCGATGAAGACTTGACGACCAAG,NEGATIVE
ACGGGCCAGAAGGACAGCTACTTGAAGAGGATAAGGAAAAAGGAGAAATC,NEGATIVE
AACCTGATAGCGACGCATTACGTCTACAGGGCACTGTCCGGCTTCCAAAC,NEGATIVE
TAATCCCAAAACGTTATTGGCGCTATCTGTCACACTATGCAAGGCATCAG,NEGATIVE
GCAACTGTTAGAGGTATTTGGTGAAGTGCCGCTACCACCGTACATTACTA,NEGATIVE
GTTCAACTATAGCAATCCTAAATGAGTCTAGGACTTACGCACTTTACAAA,NEGATIVE
AGAGTCTTGTGATCGATTCCACAAGGGTAGCAGCGCTGTATAATTTAGGT,NEGATIVE
AGCAATTTTACGATGCTTCCTCTGGGCTGTGGGAACAGATTTGGGGCGAA,NEGATIVE
TGATTTTTATGTGGCATCTGACAGTTCTAGGATTGCTGCACCAAAACATC,NEGATIVE
AGTTAGGATCGCGTCCGATAACTGTTGCTAAAGTCCCAGTTTGACGCCAA,NEGATIVE
CCCGATTACCAAAGTTTCACAGGCTTCGGCTTTGCGGAGTAATTGCACCA,NEGATIVE
AGTATCTAAAACCACCGCGAGATAAAATTCCTGGTTGGCGTCGTATTGGG,NEGATIVE
AATTCGCCCCATATTGGTAGATTAAAGATATTTTGAGCAGCTGCGATCGC,NEGATIVE
CAAGCAAGCCAAAGTATATGAGCAACAAAACCAATGGCAAGCAGCAGCGA,NEGATIVE
GAGGTGCAACTCTTTCACCTGTAGATTTATCCGCCAAGCCGTAGGTTTTG,NEGATIVE
ACTGGATTAAGATTTTTTGTGTATAAACCGAAATTGTTTAATTGTGATAA,NEGATIVE
AAAATCCTGATAAATTCTGAAAAAGCTCGGGTTCTACTCGAAAAGCCTAA,NEGATIVE
ATTTTGATGTTCAATTGGCGGGTTGTGTTGAGTTTCCATCGCAGTTTATC,NEGATIVE
ATTTTACCAAGAAGTAAAGGAAGAAACAAAACTGGAGACTATACCCCAAT,NEGATIVE
CGCTACCGTTAGAACATCTTGGATCTCTCCCTGGTTGACGTTCAGTTTAC,NEGATIVE
CTTTACCTTGAATATCTTTCAGGGTAATTAAAGAGGAACTAGTCGCAAGT,NEGATIVE
AAGAAGAATAAAAAAGACCTGCGCTTGTCTTTTTATTATCTTCTATCATT,NEGATIVE
CAGAATCTTAGAAATAAAGCTCTAATTACTATTGCCTTCCTTTCTTTTCA,NEGATIVE
ACTGGCAAGTAGATGCCCAGAAGGAGGATACTGTTGAAGACACCTTCCCT,NEGATIVE
TTGTTGTAATTAGTCATTAGTCATTGGTCATTGGTCACTTGTACTGAGCC,NEGATIVE
ATATTGCCAATCTCAGTAAATGAAATATAGATAGAGACTGCCAATCTTTT,NEGATIVE
CAGAGAGAGCAAATTCAGTCTATTGCCGAAAACACCATAGCAGAAATATT,NEGATIVE
AAAATTTGGTCAGAAGCAGGTTTAGCAAATTTTTCTCCTGACTTGGCACC,NEGATIVE
GCCATTGAAGCTACTCGTGCCGGTGAATATGGCAAAGGCTTTGCAGTTGT,NEGATIVE
TATTCCCACTTCTGAAGAATTGGGATTTGATATTGTCCAGTCCATTTTTG,NEGATIVE
AGAAGCAATATGGGGAGAAGAAGCTAGCGAAAACCTTACAGAGCAAGGGG,NEGATIVE
GAGTAGATACAGAGAGACTGCAACACCTCAATTATCTAGCTGGGGAATCG,NEGATIVE
TTGAATCTCAACTGTTAGATATGATATTTTCACCTGGATTTTCTACTGCT,NEGATIVE
ATGATTTAAACCATTTAGTCATTAGTCATTAGTCATTCGTCATTAGTCAT,NEGATIVE
AAAACTTTCTGATTAAAGGCTAATTCAAACCAAGTTAAAGAGTGGGCGTG,NEGATIVE
GCCAAACTTAATTAAAAGTGCGATCGCAATACTAACAAGCAAAATTAACG,NEGATIVE
TTAAAAATTGGCGTCTGTTAGTCATTCAGTTAGAAGCTGTTTATCAACAA,NEGATIVE
ATGAGGGAGCAGGGGGAGAAATCAATTCAAAATTCAAAATTCAAAATTAA,NEGATIVE
AATTCTTCGCTCACTTGCACTGTTTGCCGCCACATAATATTACCTGTTTC,NEGATIVE
TTTCACAGCACCAAAGTCAATCAATACCAGCCGATTATCTTGAGCGCATC,NEGATIVE
ACTAGATAAGCGATTGCCCTATGCAGCTAATCATCCATTTGAGATGTTTG,NEGATIVE
AATCAGAATTGACTTTATTTTAGAGTTGCTGCGGCATGGGACATACTACA,NEGATIVE
AATACCTCTTTTAGTCTACGGCAATACACCCCCTCACCCCTTAGCTCCCT,NEGATIVE
AAAAATCAGAAACATTGGTTTCTGATTAGTTTTTATAAATCTAGGCTTTT,NEGATIVE
TCATGAATCAGTTTTGGGTATGTATCTACACATGGTTGAACATTTTCGGC,NEGATIVE
TAAAGCTAGCATTTGCAATTACCAGTTCAACTTCTTCGGGTAGAGAACGT,NEGATIVE
TACCCTGATCTCCTGTGCGGAACCATCCGTTTACAAAAGCTGTGGCGTTA,NEGATIVE
TCCGTGAATGTGGAACAGGGGCATTAGGCAAAGTGTAATATCATCTGCTG,NEGATIVE
AGCTTGTCTAAAGTAAACAAAAAGGAAATAATCATGGATACGAAAACTTT,NEGATIVE
GATACAAGGTTCCATCAAGTTAAGGTACAAGAATTAATCGACTATTTAGT,NEGATIVE
AAATGGGTGTAGAGTTTGGTAGATTAATGACGTTAGATTTCATGACTTTT,NEGATIVE
CTAAAGCATCATCACTAGGAGGGTCAATCATCCGCATCAGAAACCAAATT,NEGATIVE
TAACCCTTGGATAGCCGCCACTCTGGCAGCTAGTTCTGCGGCATCTCCCG,NEGATIVE
GGAATTAGGAGTTAAAAATTATAACTCCTCACTCTTCACTTTAACTAAAT,NEGATIVE
AAAAATTATAACTCCTCACTCTTCACTTTAACTAAATATAGGGTGAAACA,NEGATIVE
CTTGTGAGCTTCAGGCAGCAGATACAATTATAGTAGATCCGAAATGATCT,NEGATIVE
TTTTACTTGCGCCTTACTATTGTTATCTAGTGCTTTTCCTGCTTTTGCGA,NEGATIVE
GGAGTCTGTTCATCAGCAATATGATGAAGATGAAAACGGTGTTTGGTCAA,NEGATIVE
CGTGCAGTTACTAGTGCCTCAATCGGCATCGTGTCCTCATTCCGCAGCCC,NEGATIVE
TCGTTTACGTGAGGTACACCCGTAGGGGCACGGCACTGCCCACAGGTGTC,NEGATIVE
ATAGTTGGGAGTAATCAGCTTCGGTTTCTTTTTCCTTTACTAAAACTGAA,NEGATIVE
AGACACCGGCATTGCAAGAACTTGGCAGTTCCAAACCAGCAGCATCGGCA,NEGATIVE
AACAAGCGTGATGCAACGGACAAATTTATTAGTTTATCTGAATTAGTTAA,NEGATIVE
CAAGCTAACAGTTAACCCACTTTTGCTTATTTGGACACTAATGAGCAATG,NEGATIVE
AACCCGTCTTGCACTTGGTTTAGAACACAGTACCGTTTTCACCCGTCCCC,NEGATIVE
TTTCAACAATACTATCGCCTTACTTTGCGCGGCTGCTTCCTGTACTGCTT,NEGATIVE
CTTTATGCTTAGAAAATGGACTGGTAGGACAAGGGATAAATCAAGAAGCA,NEGATIVE
TCCTTACGTACCCATGCTGTCTAATTTTGACTACTATCCAGGATTGAGCA,NEGATIVE
AGTATTTTTTACTTAACTAAATAATAGACATCTCCAGAAATTAAATATGC,NEGATIVE
ACAAAGCTAATTTCCATAAACCCAAGCAAAAAGTGTGAGTGGCACGAATG,NEGATIVE
AGCCCCATCTTGCTCTAAAACAAAAGCAGTAAAATCTAGAGAATCAGGCT,NEGATIVE
GTGGCAAACTAACAGTAAATGTTGCCCCTTTATCTTCACCGTGGCTATCT,NEGATIVE
TTTCATCTCCGCAATTCTGACTTAAGATTTACTTGACTTCTCACTCATTT,NEGATIVE
TATCACCTCCTACAAGTGCTAAGGTTTTATCTGGCTGTACTTGTAGACCA,NEGATIVE
GTTATATCTGTTGTCAGAATAGCAGATTTAATAAGAATCGAGAGGCTCAG,NEGATIVE
GTCTAGGCTTTCACTCAATTCGCTCTTAATATCGTCTACTAACTGTTGTT,NEGATIVE
TGGTAATTGTGTGAACTTACTTTGTAATGTACTAATTAACAGAAATTCGA,NEGATIVE
CCTTTCCCAAATACTTGTTCTCCTGTTTTTCTGTGCGGTTCATCTATCTG,NEGATIVE
TATCAGACCTCAATCCAATGTGCAAACATTGGTGGCAGGTAAGGCTAGTG,NEGATIVE
GGTGACACGCCAAATCCAGAAGCTGCACCATGTCTCTAATTTGTACTACA,NEGATIVE
GGAGTTGCGAGCCGATATTCAATTAACCGCAGCAGATATCGTCAATGCTG,NEGATIVE
CTAAGTTAAGTAATGTAAAAAATATTGAAATTAGTTCGTAGTGGGGACTT,NEGATIVE
AGCCTTGGGCTAATCGACCATCCACTAGGCAATTCGGGTATTGCACGTTC,NEGATIVE
AACTCCAGCTAGTTTTTTCAAAAGTATCTGTCATAGGGGGGAGTGGGGAG,NEGATIVE
AGTTTTTTCAAAAGTATCTGTCATAGGGGGGAGTGGGGAGTGGGGAGTGG,NEGATIVE
GGAGCAGGGGGAGCAGGGGAGGCAGGGGAGGCAGGGGAAGAATAACTATG,NEGATIVE
TCCCCTAATTGCAGAACCCGATAAGGATCTTGCAGCTTAACTTTGGTTAC,NEGATIVE
TTTAATTCGTAATTCGTAATTCGTAGTTCGTAATTCGTAATTCATAGAAA,NEGATIVE
AAAGCTGATACTGTCCTTCAATCAAATGATAAACTTCTAGGCTGGCTTTA,NEGATIVE
TATGTCTAATTATGCGATCGCACAGCAATTTCTGATCTACAACTTTATTT,NEGATIVE
AAGCTAACGATTAGCCTAACCCCCTTGCCGATCCTGTAAAATAGAAGGTT,NEGATIVE
GGGATGTCTAATGCCAAAAGTAAGATAAGTTTGTGCTTAGAGGTGAGTAA,NEGATIVE
CAAATTCTAGAACTAGCCCTAACTCAAGCTTTTGAGCAAAATTGGCAATC,NEGATIVE
TAGGCGACTCTCAATACGGTTCGGTTAACGTGTTTATTCCTCGAAGATCC,NEGATIVE
CAACTAAACCGCAGTTCTACACTCCGATCTGGTTCGCAGCTGTTTGGGTC,NEGATIVE
GAGGGAACGGTGACAAGTATCAAAGTAAAAGAAAATCAAGTTGTGAAAAA,NEGATIVE
GGTTTCTGCTTATCCTTACCCAGATTATGGCATCCTCAAAGGTGCTGTCA,NEGATIVE
TAATATTAGGAGTCACGAGTTAGAAAGTACAAGGATAATTTTTATTCCTC,NEGATIVE
ATTCTGGATTTTGGATTTTAGATTTATTCTCGCGTTTGAATTCGCTTATT,NEGATIVE
CCATTCCTTATCTTTCCATAGTTCTGCTTCTAAACGTGGCTGAATATGCT,NEGATIVE
TGCACCTGCGGTAATTCTTTGAGCATCCGAATTACAGAAAGATCGGTATC,NEGATIVE
CCGTCATTCGCTTACCCAGAATTGCCAATTTTACCGACTTTGACCCCCTG,NEGATIVE
GAGCAACACCTTTTTCCACACTCTCGGATTTTTCCACCGCAAAAATCCAA,NEGATIVE
CCAATAAATGAGCGTTGTCTATTCACATTTAACCTTTAAAAAGACGGTTT,NEGATIVE
GCGTTTTAGAAAAATCCGGCTTACTCTACCAACCACACGCCTCTGCTGGA,NEGATIVE
AAACTACCACAGCACTATTGCGACATCTGCAACTAGTGCAAATCGAAGCG,NEGATIVE
GTGTCAGAAGTTTTGCGCCAGCCAGAATTTTCCCAGTTACAGCAGGTACA,NEGATIVE
GGTAAGTCAAAAGTAACGGTTCGCATTGGCGCAGAAAATCTTCTAGAACC,NEGATIVE
CAACTTGGTGTACCCAATTTTGGCGTTGGTTAGCAACTTTGCGGTTAAGT,NEGATIVE
TCCCTTAAACCAACGTTCAAAGGCGTAATCAACACGTTTTAAAGTTGCTT,NEGATIVE
TTCCTAGCATTAAACGCTACAACAATAGTTATTATGCTCTTAAAGACATT,NEGATIVE
TAGCGCAGTTGCGATCGCAGTTCCAGGTTTGCTACCAACTTCAGTTTACG,NEGATIVE
ACTAAATTGTTTTATTACTTTTTAGTGCTAAGTATAAATTATTAATCACA,NEGATIVE
TCCTAATTTTTCCCAGGCAGATAAACCAATGGCGATCGCCATCAATCCCA,NEGATIVE
ATTATCTGTAAATTAAATGTGCGGTAGTTTCTAGCGCCACAGTTTAAGTA,NEGATIVE
TGCACCTGTTGATCTAGTTCCAAAATGTGGGGAACGGTAACAGATAGGGT,NEGATIVE
CTTTCCCCGTGTTTTTCATACTATCCTAGTCAAACTCTGGAGGCCACAAA,NEGATIVE
TAACCCAGTTACGTAACTGGGCTACCATTTCGGCTGCGACCTCATCTGAT,NEGATIVE
CAAAACTATGCTGCATCTGGCGGAACGGTTTTAGGTATCTGCGGTGGCTA,NEGATIVE
GAGGCGATAGGCTTCTAAGTCACGTTCTTGAAGACGAGTAAATTGGCTGG,NEGATIVE
ATAAATCTGTACAATTTTCTTGCCAATAGGCGTGAATGTCACCATAAAAA,NEGATIVE
AAAACAGGCGATATTGTCGATGTTACAGGCAAAGTTTTGGGACAGCATGA,NEGATIVE
TAATCCCCAATGCGTAGGCGTAGCCAACCGTAGGCATTGCCGAAATAACA,NEGATIVE
AATATTCGTTACTAATTTTCGACTCAGCGACGCAGCAGTAGAAAAGCAAT,NEGATIVE
TTCTCGCACTACACCGCCACTATTAAGGACAATTTGCCTTGCGGTTTCAG,NEGATIVE
CTTTTCCAGCAGAGTTTTGTCCATGTTTATCTTTTGGCCATGCTCGAATT,NEGATIVE
CGCTTTGGTTTCCAAGGGTCAGATATTTTAACCTTAACTGAGGAACAAGC,NEGATIVE
CAAAGCGGAAATGAACGGCACAGCAGCCGACTCATATATCTTGGATGTGA,NEGATIVE
AAGGTATTGAGCGATTAGTTAAGATTTATCAGACAAAATTGCAGCCAATG,NEGATIVE
ACTGCAACTTTCCACAGTGCAAAGGTTGTCATCTGTGCGGGTGGACTCAG,NEGATIVE
ACTGAGTTTGGGACATGGTATTTTCTTTGGTTTGGGTGGATATGCGATCG,NEGATIVE
AAGCAGAATTTGCGAAGTTAATGACTCTGGAAATGGGTAAGCCATTTAAA,NEGATIVE
ATTGAAGCCGCAGTCCGTCGCATCGTCGAAACCACAGGCATTTCTGTTTT,NEGATIVE
AATCAAAGCCTGAAGCAATTTTAACGGAACTTGCAGTATTGACCAACTAG,NEGATIVE
TTTGTTGCACTTCCTCTGCTGTCAACGCACGAGGACAGTTGAAGTCAAAG,NEGATIVE
CCCATACTAGGGTAACAAATAGCACTAAAACTGAAAGTATCAAATATTGC,NEGATIVE
ACAGTTTACAGTTGACAGTTGACTGGAAACTCGTGAACCGTCAACGGTCA,NEGATIVE
ATTATTTGAGGAAAATAACAGTTAACCAACTACATAAGCGGTGTTATAAT,NEGATIVE
TCATTAGTCATTAGTCATTAGTCAAATGACAAAGGACAAATGACTAATGA,NEGATIVE
GATTAATCGCGTCTCCTAACTGGGCATGACAATCTTCTACCGAAGTGCGT,NEGATIVE
CTGCAAATGAAGATAACCCTGAGTACTTAGTTGAAAGCGATCGCACAGGA,NEGATIVE
CTCCTTTTATAGCGATACTTAAATTAAACTCACCTTTAGGGGCATTTTCA,NEGATIVE
AGCCATATTTCGACCAATTTCATTTGTAGTTGCTGTTTGTTCTTCAATAG,NEGATIVE
AATTCGCAAGCTTATATCTTCAGTAGCATTTGCCGTTTGTTTGGCTAATT,NEGATIVE
CCAATACTTGCATTATTTCTAATGGTTTCGCGGCTATGGGTATTGCCATT,NEGATIVE
TCCAAGCGATAGTCTCCCAGTGTTCCTTTGAGCTGGATTGTATCTTCGTT,NEGATIVE
CGTCCCCTCCTTCGAGTCGGTCATTGCCAGCCCCCCCAAGGAGGGTGTCA,NEGATIVE
TTCAGGGTGATATTGATGGTTGCTTGGGGTTGATCTAGGGCGAATTCTTT,NEGATIVE
TGTCATTTGTCATTTGTCATTGGTAAAGAGTTAATATTTATAACTCTTAA,NEGATIVE
CGCTCATTTTCATTTATCGTCTGTACTAATTGCCGTTTATCGCCAGATTC,NEGATIVE
ATCCTGCCCGCACTAATGTTGTAGCAATATCTTTTCCTGGTTCTTTTCCC,NEGATIVE
TTGTCTGGGATCGAGTCCAACGGTGGGTTCATCTAAAATGATCGCTGGTG,NEGATIVE
AATCGTGAAATATTAGAACCATGAAGTGCGCTATCAATAAACTTCAAGCA,NEGATIVE
TTCTAAACCCTTATAGATGCCCTGCCAAATTAAGAGTTATTAACGCTGCG,NEGATIVE
GTAAAAAGTCAGGTTAATAATAACTACCAGATTTCCGATGTTCTAAAGCT,NEGATIVE
TGAGTTGGTGCATGTCCGCCTAAAGTGGGTGAACCGATAATTAAGCCATC,NEGATIVE
GGGCATTGGGAATTGGGCATTACTTATTATCCTTGTCTCCCTCATCTCCC,NEGATIVE
AACAATAGTATTCCCAGCACTAATAAAAACGCACAAGTTGCTAAAACTTG,NEGATIVE
TGATATTTACCCTCTTCTAAAACATTTAAAACAAAGCGATCGCCAACGTG,NEGATIVE
GAGGCTCGGCACTATTGAAGTCTACTAATTCTACTGCCACCCCTGTTTTC,NEGATIVE
TTAAAGTAATATTTTCATCATAGGTGTGGTCATCACAGTAGTGCATACCA,NEGATIVE
GCCTTAGAGGAATATCTGCAACAACGTTTCGGCGAGGTGTTTATCATTCC,NEGATIVE
AGCCGGACAACTATCTTACTCAATGTCTGGCTAGTTATATTAAGTCTATT,NEGATIVE
AATTTAAAGTTAGGTGTGGAACAACAGCAAGAACTAGCCGTTGCTGATTT,NEGATIVE
TAATTCTCAGCGTGAGCCGAAGTTTGATATTTTACCTGACCCGAACAAAC,NEGATIVE
ACCTTTAGGTCGCAAACTGTCAAAGGCTAGACATTACATCCCGTGCAACT,NEGATIVE
AGGCATGAGGTTTTGAGCAGCCGCGAAAACTTCTTGTGATTTTGTTGTTT,NEGATIVE
TGTTCAGTTTCACTAATTCCTACATAGACAACCCCAAAAAACACTAAAAA,NEGATIVE
AGTTAAAATTACAAAGTCGATTAAACTAACCCGTGCTACTATCCTGTTAG,NEGATIVE
GAGTTCTATCAGTGTGTTTTACCCGGAGGGAGGCGATCAGGTTTTGCAGT,NEGATIVE
GTTACTCCCAAAAGGAGATATTCATTGAAATTACGTAGTTATACAGTAGT,NEGATIVE
ATTGAAATTACGTAGTTATACAGTAGTCATCCAGCAGATAAACTGTTAGT,NEGATIVE
CCCTGTGGGAATGCTTAAAATAGCACCAATTACCACCATGATTATGGTTC,NEGATIVE
GCTTAAAATAGCACCAATTACCACCATGATTATGGTTCCTAAGATGGCAT,NEGATIVE
GCGTTCGGCGTGGGAATCACTATCAATTCATGGCGGCCTGTTTTATCCTT,NEGATIVE
GCTTGGGCTTTGCTCATTGACTATCACGTTTTGGCTGTGATTTGGGTGGG,NEGATIVE
CACCATAGGTTCTAGTGTTAGAACTATCAGCTTGACGAAAGCGATCAAAA,NEGATIVE
TTAGCTGGGTTTGCGCCTTTGCATTGCGTTCAATTGTCTCCGTAGCCCTA,NEGATIVE
TTCCTCTGCCTGCTTGCGCTCCGTAATATCTAAAAATGCACCAACGCTTC,NEGATIVE
GCTTTTGACCTGCATCATTTATGTAGAGTAATTGACCCTCAAGGGTAGCG,NEGATIVE
TCAACTGTATCGTCGCTTAGAATTCCTCAGAAAAGACCTGGGATTGCCCA,NEGATIVE
CTTTTAAATCCAGATAATGGATGTTTGCTCATGGAAAAATTTCGCGTTAA,NEGATIVE
CTGATTTGGATCGTTATACCTTTGGGGTTGCAGGTGCAGTGGGATTGTTA,NEGATIVE
ACTTTAGCAGATGTGGAAGCCGCGATACCTGAAGCTTTGCAAAGTGGGGG,NEGATIVE
GTTAATATCCTGCGTAACCATACTGATGATTTAGGGCGTGGAGTAGACTT,NEGATIVE
TTGAAATTTGAGAGTTACTCGCTTGCTCTGCCTCCCAGACTAGTTCTCTC,NEGATIVE
AATTGCTAACTACGATTTCATGCATTGGATTGTTCAGGAAGCCAAAAAAA,NEGATIVE
GCTGGCATGACAGTTTCTATCACTGCATTCTAGAACATATCTGCGGTGAT,NEGATIVE
AGCTTTGAATGCTCTACAATCAGCTAGAAACCCGCATAGTTTTCTGGGAA,NEGATIVE
ATATCGATTTGAAACTTACTCATAGAATTATCTTTGTTCTTTTAACGATT,NEGATIVE
CCTGAATTAATGCAGACAGATGGGATTTCTCAGGCTTCTCCCTCAGCGAT,NEGATIVE
GACAGAGACTGCTGTCAAAGCCTTTCAAAATCAGCAGAATTTAGCAACAG,NEGATIVE
TTTCTGGGACTTTGAGCAATACTCACTATATACATTAAGGATGTCGTTCC,NEGATIVE
GATTATCTCCACACCGAGAATGTCAAGATTTAGCTATCAAGTTCTGTAAG,NEGATIVE
TTTGAACAATACAGCACCGATTGATGTGTCGATTGTATCAATTGAGATTT,NEGATIVE
TGAAGCAATAGTCTAACGGTCACGTCAGCACTACCTCCCTTAGGCACATC,NEGATIVE
TTAGAAAATACTATTGAAAGAGTATCTCCATTCAAAATTGCCTCTGGTGT,NEGATIVE
TGGGGTGAAGCCAGCTTTGTAAATCAATGGCAATCAAAGTTGGGGGATCG,NEGATIVE
TGTTTGCTGCCATTGACGCGATTTGTGGCAATGCTGGGCAATCAATAGCC,NEGATIVE
GGCGTAACTTTGTGGGAAGGTAAATTTGAAGATAGACAAGATACTTGGTT,NEGATIVE
AAATCACAATTAATTTAGTCATTAGTCATTAGTCATTAGTCATTAGTCAT,NEGATIVE
AGTTAGTGAACTGGAAGCAAAGCCTTACAAAGAAGCTAGAACTGGAACTT,NEGATIVE
CAAATATGGATCAAGGTTAAAAACCAATACAGTTCAGATAAGACCAAAAC,NEGATIVE
AATTCGTCCCTCTTTTGTTAAGAGAATCATCTGCTTAGTTTCGAGATTTT,NEGATIVE
TACCCACAGACGACCGCTAAGAATTGACGACTTATTTCAGGAATACTCGC,NEGATIVE
AGTTGCAATCCACCTAAGAGCAACCACACTTTATCATTCTTAGGAGCCAG,NEGATIVE
TCAACTGTCGAGTAAAAAAGCTCAACTGTCGAGTAAAAAAGCTCAACTGT,NEGATIVE
AATGGCGGCAGAGACTCTGTGGAGTAACAAATTACGCACGGGTTTAACTA,NEGATIVE
CTGCTGAGGTGAAAACGCTCATTGAGCTTGGATTAGTGCAATTTTCACAT,NEGATIVE
ACAACGCAACAATCGAGATTTACAGGTAGCCATATTACAGCTAGAACGCA,NEGATIVE
AACGTCCCGATGGCTCAATCTTAATTTCGATATCTCTAAAACCTGCCTGA,NEGATIVE
GGACAGGTAAATGCCACAAACCCTCCTGTTTTCAAGAAGCGATACCACTT,NEGATIVE
GCAACGAATTCCTCATTTAGAAAATGGCGATCGCCTCACTCGTTACGAAT,NEGATIVE
AGAAAATGGCGATCGCCTCACTCGTTACGAATTTGAGCGCCGCTATCAAG,NEGATIVE
GATCGAGACAATGAACCGCAACCAGATGGAGTACTATTAATCACACCAGC,NEGATIVE
GGTTCGTGTGGAATTGGCGGTTTTGCGATTGTGTCTTCAATTACTTTAAA,NEGATIVE
TATTTCTTGTACTTAATAGCGTTTCCCGGCAAGCGTGACGTACACTCGTA,NEGATIVE
GTTGGGGGTTAGATCTTATAACTCAATACGGTTCAGTTAAGCGCTATTTC,NEGATIVE
GTTTGGTCGAGAACAGCAACTTTACACCCAGTTCTAAATCCAGGGTCTAT,NEGATIVE
CAACATCGCCTGATAAAAATCCCGAATTGTCCGAACTTTGGTTTTAATTT,NEGATIVE
TGAGTTCATCTGTGAGTTTACCAAGTTGTGCGATCGCACTTAAAATTACA,NEGATIVE
AGTTTTAAGCTAATTTACCAGATGATTGCTCACAAGAGTGCAATTGGCTA,NEGATIVE
AGATTGCAAATTCTGCCAAGGATAATGCTGATAAACTTGGTATTAAGAAA,NEGATIVE
CACTCAGGTTGGCATCACTCAAATCGGCATAACGTAGCGTTGCCTCACTC,NEGATIVE
TTTAGATAAGTCTACACCAGTTAAATCAGCGCCCCGCAGGTCAGCTTTAT,NEGATIVE
TATTCTTCTTGTTTATTAAGGGTTTTTACAACTTTAGATAAACTATAATT,NEGATIVE
CTACCTGGACATCATGCAGAGAATTAATTAGTTCTTCTTGCACCTCTGTG,NEGATIVE
AACTGAATGAAGTTTGAACAAATATCATATTTTAGTTTGCGATCGCGGTC,NEGATIVE
ATCTACAGCCTACAATGTCTCGACATCTGATAAGCTACATCGATTAAGCG,NEGATIVE
CGATTACAGCCCACGGCGATTATACAGATGCCTGGGTGCGAGACAATGTT,NEGATIVE
CAAGAACTAAAAGATGGTGTTTGTAACGGTGTGCGAGTTAAATTAGGGCG,NEGATIVE
ATCAGCCTATCAGATGCAGTAACGAGTATTTTGGTGCGAGGTAAGCAAAT,NEGATIVE
GGGTAGTGCTACCAGGAATCGCCGAAGGGATAGAAGTTCCGCCCGGAGGT,NEGATIVE
TACCAGGAATCGCCGAAGGGATAGAAGTTCCGCCCGGAGGTTGGCGGCGG,NEGATIVE
AGATAAATTAGAGCGTCGCAATCGTTTAGATAGTGAGATAATGTTGTCGG,NEGATIVE
CAGCAAGACTCGGTGAAGTAACACACAAGTTAATGTGTGGCGACTTACGC,NEGATIVE
CCCCCTTTTTATCTCCCAATTCAGAGCGGGCAACACCCCGGTTGCTGTAG,NEGATIVE
ATACTGCTGAAGAGGTGAGCGTAACTTTAATCTAATTCGTTAACCGTAAT,NEGATIVE
TGTAATTAAACAGTTGCACCCTAGAAATACTTCTGGACAAATATTAACTC,NEGATIVE
GTATTGGTGAATCCTTAATTAGTACGGCAGCAGGGCTAATAGTTGCCATT,NEGATIVE
CGCACCATTTCCAGGCATCAATCCCGAAGGAAATCTTACCCCAAAATTCC,NEGATIVE
TTTCGTGGCGGACAAGGTTGATGAGCAGGTATTCATCTCTTGCGATCGCC,NEGATIVE
AATCTCCAGTGACATATTTTAGAGCTGCATTGCGGGCAGCACTGAAGTCA,NEGATIVE
CCCTACGGATTAGTACCCAAGCCAGGATTGATTTATCATGCTGCAACACG,NEGATIVE
GCTGTTTCCAGTGGCAAAGGTGGCGTTGGTAAAAGTACGGTGGCGGTGAA,NEGATIVE
AGGTATCGGCGTGCTTATAGCCCTGTTTTTAGCTCGCATCCGTTATGAAC,NEGATIVE
ACTGTTCGCGTCAACAATCCCGCAGATACCTATTATCGCTCCGAAGGACT,NEGATIVE
CCGGACGTAAAAAAGCCAAATAACACTTAGTTAGGAGTGAAATTAGTTAG,NEGATIVE
GGAAACAAGTAAAAATATAACAAAACTATAAATGTAGAAAAATAAGAAAG,NEGATIVE
TAACGCAATTTACTTTAATACAGACATTTTAACGGTTAATGCTACTCCAT,NEGATIVE
